casc,item_id
Northeast,5c658683e4b0fe48cb38fcd9
Northeast,5c658ae5e4b0fe48cb38fd07
Northeast,5c926fe7e4b0938824573da6
Northeast,5b3f7d83e4b060350a10ba25
Northeast,5ce5798ee4b0bc180232e7ce
Northeast,5735f0f2e4b0dae0d5df6c67
Northeast,576d5755e4b07657d1a3764f
Northeast,57c5c793e4b0f2f0cebdaa4d
Northeast,57d6ece9e4b090824ff87ba3
Northeast,59e13ee2e4b05fe04cd00227
Northeast,5a53d604e4b01e7be2308760
Northeast,5a5942b3e4b00b291cd6a9e6
Northeast,57d7006de4b090824ff87cb6
Northeast,5bef0e4de4b045bfcadf70e1
Northeast,5ce2d9f7e4b0f7ebfdfb8c0f
Northeast,5c76eb25e4b0fe48cb4c8d0b
Northeast,5c7589fde4b0fe48cb4a397b
Northeast,5ae0e481e4b0e2c2dd2ea3ae
Northeast,5be20ccae4b0b3fc5cf4fee3
Northeast,5be210cbe4b0b3fc5cf4feee
Northeast,5ce2d30ae4b0f7ebfdfb8b85
Northeast,59dd1683e4b05fe04ccbd97c
Northeast,59dd10cfe4b05fe04ccbd94e
Northeast,5d0a589fe4b0e3d3115fac10
Northeast,59692a24e4b0d1f9f05fbd36
Northeast,5bb25f79e4b08583a5d5999d
Northeast,5c5075e4e4b0708288f94f0a
Northeast,5c643fe0e4b0fe48cb3728c3
Northeast,5c643115e4b0fe48cb372864
Northeast,5c6c3b1ae4b0fe48cb3e5b7d
Northeast,5af32f1ae4b0da30c1b2328c
Northeast,54b835b5e4b03ff52703c97f
Northeast,54907009e4b03655d147109f
Northeast,58110f4de4b0f497e798387c
Northeast,597bf5d2e4b0a38ca275670f
Northeast,56abcaa7e4b0403299f464e3
Northeast,551ea350e4b027f0aee3b8d3
Northeast,5645f76fe4b0e2669b30f25e
Northeast,570e73bde4b0ef3b7ca24d23
Northeast,56a82fc3e4b0b28f1184db26
Northeast,56181bbde4b0cdb063e3fda6
Northeast,5bbe29b4e4b0fc368eb2a49c
Northeast,597e0ec8e4b0a38ca27749fe
Northeast,597e0d46e4b0a38ca27749f7
Northeast,5c5dc673e4b0fe48cb32e576
Northeast,56a90b75e4b0b28f1184dd28
Northeast,597bec8de4b0a38ca27566ff
Northeast,5b6c79fbe4b006a11f7bc75f
Northeast,5914ba3de4b0e541a03e9b14
Northeast,5bf47a55e4b045bfcae2297e
Northeast,59f8b930e4b063d5d309f072
Northeast,5a539d2ee4b01e7be22fa7f7
Northeast,537e3421e4b05ed6215c09e3
Northeast,5707f150e4b06fa6ac664531
Northeast,56620961e4b06a3ea36c5f35
Northeast,5af9904ee4b0da30c1b82c44
Northeast,556c99e6e4b0d9246a9f92f3
Northeast,54f080e3e4b02419550ce8a0
Northeast,541c2cebe4b0e96537df1a8d
Northeast,55143522e4b032384276ca2b
Northeast,5c574393e4b0708288ff24cb
Northeast,5900aefbe4b0c2e071a84b0a
Northeast,592dad7be4b092b266efe938
Northeast,592da98fe4b092b266efe92c
Northeast,590a049de4b0fc4e44916012
Northeast,5490716ce4b03655d14710a7
Northeast,5c8f9d80e4b093882452b2f3
Northeast,5cbf4b1ce4b0c3b00664fe38
Northeast,5cbf358be4b0c3b00664fcf4
Northeast,58090809e4b0f497e78f3e27
Northeast,57eb11dbe4b09082500db303
Northeast,579a5d7be4b0589fa1c8713b
Northeast,58a233c5e4b0c82512856d61
Northeast,5cc72823e4b09b8c0b77e60d
Northeast,55dc6b47e4b0518e354d113b
Northeast,58a2311ae4b0c82512856d53
Northeast,54d50489e4b0f7b2dc9f2c6e
Northeast,5b293263e4b0592076279e42
Northeast,5b1e9ffce4b092d9652545b2
Northeast,5b293585e4b0592076279e92
Northeast,5b293471e4b0592076279e6f
Northeast,5addee78e4b0e2c2dd2b7cfa
Northeast,592732d5e4b0b7ff9fb5dcf4
Northeast,5a8d960fe4b0699060591c7f
Northeast,5a0f755de4b09af898d09bc2
Northeast,5a5fb99ae4b06e28e9bfc506
Northeast,5a55355be4b01e7be242bdb4
Northeast,58e4f9eae4b09da679997ac3
Northeast,58e4f45be4b09da679997aa7
Northeast,58c3073be4b0f37a93ed9185
Northeast,5a553984e4b01e7be242bdc1
Northeast,5beeeeb1e4b08f163c2d5dd5
Northeast,596cc73ee4b0d1f9f0615e07
Northeast,59e6736ce4b05fe04cd1ebae
Northeast,5b3f938fe4b060350a10bb33
Northeast,5a4677f2e4b0d05ee8c056e6
Northeast,5a467b8ae4b0d05ee8c05833
Northeast,5a467f63e4b0d05ee8c05839
Northeast,5b632948e4b006a11f7179f5
Northeast,580151dae4b0824b2d18be18
Northeast,55fafa42e4b05d6c4e501b7c
Northeast,5661d956e4b06a3ea36c5e8e
Northeast,5661d97fe4b06a3ea36c5e90
Northeast,5661d9a2e4b06a3ea36c5e93
Northeast,54d1559be4b04bf8a8a4dbb9
Northeast,54ac4d26e4b0cd14120d72cc
Northeast,552c1babe4b0b22a157f4f8d
Northeast,58b6de42e4b01ccd54ff80d6
Northeast,57f802a9e4b0bc0bec0a1c1d
Northeast,5a57b75ce4b01e7be245cebc
Northeast,5977615ce4b0ec1a4888e095
Northeast,51db1188e4b010c7f6a82548
Northeast,55f2ddf2e4b0dacf699ec70f
Northeast,564b7daee4b0ebfbef0d3291
Northeast,55f6da26e4b0477df11bfed0
Northeast,564b73c6e4b0ebfbef0d3246
Northeast,54e39f93e4b08de9379b539b
Northeast,54e39b51e4b08de9379b527e
Northeast,54e3a6c9e4b08de9379b53a0
Northeast,52af4f41e4b0978c01d10212
Northeast,5485d734e4b02acb4f0c7e23
Northeast,54b41be7e4b00621296f81d8
Northeast,54b4216de4b0636054634d4e
Northeast,562a8a21e4b0016252220678
Northeast,55f85518e4b05d6c4e4faa51
Northeast,562a8822e4b0016252220673
Northeast,562a8737e4b0016252220671
Northeast,562a85c3e4b0016252220667
Southeast,58d98bbee4b0543bf7fc649f
Southeast,5b1ad300e4b092d9652520df
Southeast,560ebff0e4b0ba4884c5ec16
Southeast,5a70979de4b0a9a2e9d8b134
Southeast,560ebf42e4b0ba4884c5ec0c
Southeast,57c076c7e4b0f2f0ceb88f1a
Southeast,58791e46e4b04df303d95e8b
Southeast,562f81ede4b093cee780a2ea
Southeast,54f4a4cde4b02419550d0065
Southeast,53cee2fee4b08b2d28eae8af
Southeast,52a7457ce4b0de1a6d2dbe34
Southeast,52a744bce4b0de1a6d2dbe32
Southeast,5bce26a9e4b0f0758fc29131
Southeast,51d45065e4b09630fbdc5306
Southeast,5217c177e4b0effab1348c14
Southeast,590a489ae4b0fc4e4491613e
Southeast,516c517ee4b0eae401aec443
Southeast,516c4cffe4b0eae401aec43e
Southeast,530f5cf1e4b0e7e46bd30064
Southeast,5217bf12e4b0effab1348c12
Southeast,5bce2a3ce4b0f0758fc2914e
Southeast,5aa8028fe4b0b1c392ef3190
Southeast,5217cc22e4b0effab1348c1a
Southeast,52b30ad9e4b08e3289f21c6d
Southeast,5217c39ae4b0effab1348c18
Southeast,53962bfae4b0b4b172cbe80f
Southeast,516c54fce4b0eae401aec44e
Southeast,566efb43e4b09cfe53ca7715
Southeast,54dd19f5e4b08de9379b2f9f
Southeast,5506f6a1e4b02e76d756de68
Southeast,5506f6dbe4b02e76d756e4d8
Southeast,5506f6c1e4b02e76d756e22b
Southeast,550b1555e4b02e76d7593e3f
Southeast,5425b4b6e4b0e641df8c7475
Southeast,5438004ce4b08a816ca636fb
Southeast,550b1540e4b02e76d7593e36
Southeast,54dd1793e4b08de9379b2f8b
Southeast,54dd1194e4b08de9379b2f30
Southeast,54dd1898e4b08de9379b2f97
Southeast,53d67500e4b00d9e8ffa4a8a
Southeast,537b87f9e4b0929ba4976341
Southeast,537b8c65e4b0929ba4976350
Southeast,54dd1540e4b08de9379b2f81
Southeast,54dd1e20e4b08de9379b2fad
Southeast,54dd17f2e4b08de9379b2f8f
Southeast,54d91806e4b0f7b2dc9f4e34
Southeast,54d917a8e4b0f7b2dc9f4e02
Southeast,54dd1228e4b08de9379b2f34
Southeast,54dd1845e4b08de9379b2f93
Southeast,54dd142fe4b08de9379b2f6e
Southeast,54dd149ce4b08de9379b2f7c
Southeast,54dd1350e4b08de9379b2f5a
Southeast,54dd13a2e4b08de9379b2f60
Southeast,54dd12e1e4b08de9379b2f3e
Southeast,54dd198de4b08de9379b2f9b
Southeast,54d51965e4b0f7b2dc9f2e8e
Southeast,5c80000ae4b09388244525aa
Southeast,5adcc0ace4b0e2c2dd2b75d9
Southeast,5ce598e0e4b0bc180232e9ae
Southeast,597b5003e4b0a38ca275643b
Southeast,5abd3792e4b081f61abfbf66
Southeast,578815c7e4b0d27deb378693
Southeast,58a22a7be4b0c82512856d22
Southeast,5c6d9b6de4b0fe48cb4020bb
Southeast,5c7ff716e4b093882444dece
Southeast,5bce2897e4b0f0758fc29141
Southeast,5788f4dce4b0d27deb389051
Southeast,5a8c7158e4b00f54eb45fe9f
Southeast,5c82a06de4b0938824489503
Southeast,597b4c1ae4b0a38ca2756423
Southeast,5c7ff058e4b093882444accb
Southeast,5c925451e4b093882456be43
Southeast,59cbd8c9e4b017cf314245c4
Southeast,5bc4c479e4b0fc368eba05cc
Southeast,596e66f3e4b0d1f9f062c8d8
Southeast,593ee029e4b0764e6c61ba99
Southeast,5abd4af1e4b081f61abfc19a
Southeast,58bf02f7e4b014cc3a3a9ba3
Southeast,5a8dcc82e4b069906059e6e9
Southeast,5c7057ece4b0fe48cb43fafb
Southeast,5a830865e4b00f54eb329598
Southeast,58bf023be4b014cc3a3a9b9c
Southeast,58add280e4b01ccd54f8b821
Southeast,5c701909e4b0fe48cb43f88e
Southeast,5bce25c3e4b0f0758fc29126
Southeast,5bf43d1fe4b045bfcae15da5
Southeast,58f900eee4b0b7ea545228ef
Southeast,589e4591e4b099f50d3a1143
Southeast,563a5ec2e4b0d6133fe7340f
Southeast,563b89d0e4b0d6133fe75f20
Southeast,59e91f7de4b05fe04cd51a74
Southeast,5761ac39e4b04f417c2d3096
Southeast,56609488e4b071e7ea545019
Southeast,568c2ca4e4b0e7594ee77882
Southeast,57a23959e4b006cb45553e97
Southeast,564e3dcfe4b0112df6c631f4
Southeast,57863d72e4b0e02680c0eaf6
Southeast,568c2cb2e4b0e7594ee77884
Southeast,57a8b2a1e4b0ebae89baf604
Southeast,565e07b3e4b071e7ea5435d0
Southeast,57d6db77e4b090824ff87b67
Southeast,589dec13e4b099f50d3a05b3
Southeast,5583174ae4b023124e8f496d
Southeast,55257575e4b027f0aee3d5ca
Southeast,56312b92e4b0c1dd0338c420
Southeast,589ccbdbe4b0efcedb7724b9
Southeast,54d26be8e4b04bf8a8a4dcb7
Southeast,5654ed9ae4b071e7ea53d702
Southeast,548f15a8e4b05b6b1d8bd983
Southeast,566a172ce4b08895842a1e8f
Southeast,53d67e8be4b00d9e8ffa4b71
Southeast,535ff277e4b078dca33ae83e
Southeast,53d67131e4b00d9e8ffa4a85
Southeast,54186f85e4b09adda0ad2567
Southeast,563aa578e4b0d6133fe73485
Southeast,547f7c75e4b09357f0601406
Southeast,542edc3ae4b092f17df5aca0
Southeast,58292bd7e4b01fad871d504e
Southeast,55dc7a61e4b0518e354d115f
Southeast,586d7916e4b0f5ce109fc971
Southeast,566ef835e4b09cfe53ca76f9
Southeast,546cf37ae4b0fc7976bf1d52
Southeast,57f7cdb3e4b0bc0bec09cfdd
Southeast,542eddb3e4b092f17df5ae0f
Southeast,542edd43e4b092f17df5ad64
Southeast,57f7d11ce4b0bc0bec09cfee
Southeast,552d4e1ae4b0b22a157f5254
Southeast,5873c79fe4b0a829a31e31cd
Southeast,589c9f82e4b0efcedb7498d1
Southeast,589ca751e4b0efcedb75797c
Southeast,59cd61f9e4b00fa06fefef6d
Southeast,59c97cc2e4b017cf313f112d
Southeast,560e9cf0e4b0ba4884c5eb97
Southeast,5a4fda3be4b0d05ee8c7da11
Southeast,57641394e4b07657d19ba808
Southeast,57925307e4b0fc973c6bccfa
Southeast,560c352be4b058f706e54119
Southeast,56f036e4e4b0f59b85dd1275
Southeast,560c29c2e4b058f706e540f9
Southeast,542c4889e4b0fdc5fd0de6fd
Southeast,55dc8be1e4b0518e354d1814
Southeast,5697eae5e4b039675d01d852
Southeast,5697e8d8e4b039675d01b298
Southeast,55a54045e4b0183d66e45477
Southeast,553006dfe4b0b22a158033ae
Southeast,535fd531e4b078dca33ae521
Southeast,52150233e4b06d85e094f6b4
Southeast,552c1210e4b0b22a157f4f68
Southeast,560c2e66e4b058f706e54107
Southeast,56af8c5ce4b036ee44b8dd3c
Southeast,5644bef8e4b0aafbcd018602
Southeast,53961e50e4b0b4b172cbe7c2
Southeast,542c2a6ce4b0abfb4c8099a8
Southeast,548885b2e4b02acb4f0c912f
Southeast,53d66a6ce4b00d9e8ffa41f6
Southeast,59f9db90e4b0531197afeeee
Southeast,52a77b92e4b0de1a6d2dd093
Southeast,5425a275e4b0e641df8c3341
Southeast,5bc4b604e4b0fc368eba0390
Southeast,54888e1de4b02acb4f0c9178
Southeast,5abd3e0be4b081f61abfbfdc
Southeast,56f16c2ae4b0f59b85de0b2f
Southeast,54258a25e4b0e641df8b50eb
Southeast,545cfce8e4b0ba8303f71365
Southeast,545cfd67e4b0ba8303f713b3
Southeast,545bf9b3e4b009f8aec9b5a5
Southeast,545bf875e4b009f8aec9b52a
Southeast,545cfa50e4b0ba8303f711e2
Southeast,545cfdb9e4b0ba8303f713e7
Southeast,545cfe22e4b0ba8303f7142a
Southeast,545cfb0be4b0ba8303f7124f
Southeast,545cf811e4b0ba8303f7109e
Southeast,545bfd63e4b009f8aec9b6ce
Southeast,545bfe0fe4b009f8aec9b6fe
Southeast,5b16da85e4b092d9651fcae4
Southeast,545cfc0ae4b0ba8303f712e2
Southeast,57b4a93ae4b03bcb0104aee6
Southeast,5425af77e4b0e641df8c618a
Southeast,5525808ce4b027f0aee3d5ea
Southeast,5cf57fa0e4b02598ed658292
Southeast,5440040ce4b065f4ad22d2a8
Southeast,5440048be4b065f4ad22d2aa
Southeast,5488c510e4b02acb4f0c945d
Southeast,51d2f8e1e4b0ca1848338b81
Southeast,579f9c44e4b0589fa1cd558e
Southeast,57c72ac5e4b0f2f0cebed114
Northwest,58e51772e4b09da679997b9a
Northwest,5818c1dfe4b0bb36a4c8806e
Northwest,575f144ee4b04f417c2b065c
Northwest,574dfc46e4b07e28b66901f4
Northwest,5afb6049e4b0da30c1b9c6f5
Northwest,586c3c36e4b0f5ce109fa89e
Northwest,586c3ad2e4b0f5ce109fa895
Northwest,586d88e6e4b0f5ce109fc9e6
Northwest,57b351c3e4b03bcb010395e5
Northwest,586d8d0de4b0f5ce109fca03
Northwest,541b07bee4b01571b3d654fc
Northwest,5759e9eae4b04f417c26401f
Northwest,58a5d7a4e4b057081a24f3e8
Northwest,565e360be4b071e7ea543633
Northwest,56e99abae4b0f59b85d819a1
Northwest,58879d40e4b02e34393ccc3d
Northwest,59a7452ce4b0fd9b77cf6ca0
Northwest,59a738e8e4b0fd9b77cf6c81
Northwest,5abbe351e4b081f61abd5b77
Northwest,5a43b5aae4b0d05ee8bd69bd
Northwest,5914c366e4b0e541a03e9b4d
Northwest,56abaf90e4b0403299f46338
Northwest,5956702fe4b0d1f9f050d80a
Northwest,5914c2d7e4b0e541a03e9b40
Northwest,57d83584e4b090824ff9abe8
Northwest,5c4f41c2e4b0708288f78dc2
Northwest,5cc70eaee4b09b8c0b77e5c7
Northwest,5914b24fe4b0e541a03e9afc
Northwest,59a8856ee4b0421949a846db
Northwest,569408c0e4b039675d00470d
Northwest,5aafccf4e4b081f61ab0d70d
Northwest,5b3f96ede4b060350a10bb7f
Northwest,5c92528ae4b093882456abdb
Northwest,56339371e4b048076347ef7d
Northwest,56ddf1e1e4b015c306fb22fa
Northwest,56ddefc0e4b015c306fb2280
Northwest,5aeb54bee4b0860c0f727b35
Northwest,5ade55c9e4b0e2c2dd2b8425
Northwest,5ade5e24e4b0e2c2dd2b8451
Northwest,563b6d33e4b0d6133fe75c78
Northwest,5ade5735e4b0e2c2dd2b8437
Northwest,5ade5d06e4b0e2c2dd2b844c
Northwest,59b2ede1e4b08b1644d735c2
Northwest,56abb786e4b0403299f463db
Northwest,595a8fcce4b0d1f9f0528520
Northwest,556cb5aae4b0d9246a9f9795
Northwest,57b3b8e7e4b03bcb0103980a
Northwest,59e90f15e4b05fe04cd512f2
Northwest,5900bb2ee4b0c2e071a84b2c
Northwest,57b3b574e4b03bcb010397fb
Northwest,57475995e4b07e28b663d8dd
Northwest,574734ffe4b07e28b663d828
Northwest,574752a7e4b07e28b663d8be
Northwest,57475d76e4b07e28b663d8e3
Northwest,57474116e4b07e28b663d884
Northwest,574742b2e4b07e28b663d88a
Northwest,574744b8e4b07e28b663d894
Northwest,57473e4ce4b07e28b663d87b
Northwest,57473c09e4b07e28b663d870
Northwest,5747634ae4b07e28b663d8ec
Northwest,57475758e4b07e28b663d8d9
Northwest,57476809e4b07e28b663d8f7
Northwest,589cc88ce4b0efcedb76fbfb
Northwest,5ac68202e4b0e2c2dd0e2f18
Northwest,5618184ce4b0cdb063e3fd8b
Northwest,59e138b8e4b05fe04cd00219
Northwest,5aafd716e4b081f61ab0d76c
Northwest,58e6840ce4b09da6799ac85b
Northwest,58ded180e4b02ff32c69a222
Northwest,58d2e1cce4b0236b68f84fc0
Northwest,59dd56a0e4b05fe04ccbda56
Northwest,59d68c02e4b05fe04cc6b1a9
Northwest,5967db57e4b0d1f9f05e52d0
Northwest,595167a9e4b062508e3b1f87
Northwest,5806a8dee4b0841e59e282b4
Northwest,5806a7abe4b0841e59e282ae
Northwest,5ae89bc7e4b06d9233b8a583
Northwest,5b6c3d50e4b006a11f7b47b1
Northwest,589e2d40e4b099f50d3a0745
Northwest,5af48c2ce4b0da30c1b44d54
Northwest,5a1dc222e4b09fc93dd7c0f5
Northwest,5ae202b9e4b0e2c2dd302b96
Northwest,5ae2027be4b0e2c2dd302b92
Northwest,5afb5eede4b0da30c1b9c6f1
Northwest,5aeb5759e4b0860c0f727b9e
Northwest,5707c335e4b06fa6ac660c81
Northwest,5a4d485ae4b0d05ee8c4d179
Northwest,58111fafe4b0f497e79892f7
Northwest,5bbe2d44e4b0fc368eb2bb50
Northwest,58c06e68e4b014cc3a3bf52e
Northwest,56abbf7fe4b0403299f46442
Northwest,547f2290e4b09357f05fb6ca
Northwest,5b4cbaf2e4b06a6dd17a116a
Northwest,56abc5d3e4b0403299f4649c
Northwest,552c03a4e4b0b22a157f4f1f
Northwest,55689a10e4b0d9246a9f623d
Northwest,5621082ae4b06217fc478b81
Northwest,5751deb3e4b053f0edd03e07
Northwest,5543ba85e4b0a658d79416b9
Northwest,55fb344de4b05d6c4e501c4b
Northwest,55fb2a37e4b05d6c4e501c3f
Northwest,5543ad7be4b0a658d794168d
Northwest,5aeb87c5e4b0860c0f727d00
Northwest,5aeb9b48e4b0860c0f727d11
Northwest,5aeb90a3e4b0860c0f727d05
Northwest,556703afe4b0d9246a9ec30a
Northwest,556cbe54e4b0d9246a9f97e7
Northwest,5525435ee4b027f0aee3d4cc
Northwest,5620f884e4b06217fc478b5d
Northwest,5537c7b9e4b0b22a1580872e
Northwest,55104b1ce4b02e76d75aa3f8
Northwest,51101dbce4b048b5cead84ee
Northwest,51101e3de4b048b5cead84f5
Northwest,57c3a83ce4b0f2f0cebb7b3e
Northwest,597a6554e4b0a38ca273dc65
Northwest,53e8c36fe4b02d190f05dd8c
Northwest,53593db9e4b0031b2f49ee0a
Northwest,5aea2e1de4b0860c0f70e8b4
Northwest,5aea270ee4b0860c0f70e88e
Northwest,53594062e4b0031b2f49ee11
Northwest,53593c20e4b0031b2f49ee06
Northwest,5aea396fe4b0860c0f70e93c
Northwest,5359433ee4b0031b2f49ee1a
Northwest,53594a30e4b0031b2f49ee21
Northwest,53593b35e4b0031b2f49edfe
Northwest,5cba2172e4b0c3b0066184ae
Northwest,56f41f5ce4b0f59b85e0bc6f
Northwest,56057e00e4b058f706e51414
Northwest,534717a5e4b0384c8d7f2008
Northwest,5579d285e4b032353cc175c3
Northwest,53628c4fe4b0c409c6289b1e
Northwest,557a03ffe4b0c350d7b9a7a0
Northwest,554128cde4b0a658d793af56
Northwest,5579d79ce4b032353cc175d2
Northwest,53849d3be4b0ec2e55d90043
Northwest,54d94cd9e4b0f7b2dc9f659e
Northwest,52fe31f2e4b02a2ea84aa9ea
Northwest,54d7d891e4b0f7b2dc9f4284
Northwest,54de8dbae4b08de9379b3a03
Northwest,54de979de4b08de9379b3a0a
Northwest,556ccf5fe4b0d9246a9f984a
Northwest,5447f05ce4b0f888a81b865e
Northwest,5307775ae4b0e530a6b4d7d1
Northwest,5536dbe1e4b0b22a15808467
Northwest,5536d92ce4b0b22a1580845b
Northwest,5536dbfbe4b0b22a15808469
Northwest,52693134e4b0584cbe916885
Northwest,5751dffee4b053f0edd03e12
Northwest,5c926b87e4b0938824573d31
Northwest,53077f0ce4b0e530a6b4e653
Northwest,546bb8f9e4b04d4b7dbdf201
Northwest,55c3a3a8e4b033ef52106c43
Northwest,53175c10e4b0cd4cd83c5def
Northwest,5617c75fe4b0cdb063e3fbd9
Northwest,5914c0c0e4b0e541a03e9b29
Northwest,5a43bb76e4b0d05ee8bd69d1
Northwest,56eb0043e4b0f59b85d91a7c
Northwest,54da3be8e4b0f7b2dc9f6aa4
Northwest,551b20b6e4b03238427839e3
Northwest,54da3d39e4b0894a59a3e5ca
Northwest,533dbcade4b0e2f1c9d8c623
Northwest,54de863be4b08de9379b3a01
Northwest,53bae321e4b067995162bda4
Northwest,55db7caae4b0518e35470be5
Northwest,53bae190e4b067995162bd9b
Northwest,53bae02ee4b067995162bd94
Northwest,53bae3c6e4b067995162bda7
Northwest,53bae24ce4b067995162bd9e
Northwest,53bae2b2e4b067995162bda0
Northwest,58068bcfe4b0824b2d1d41d8
Northwest,566edcbbe4b09cfe53ca76b5
Northwest,56350e99e4b0d6133fe35fb5
Northwest,561bf7f8e4b0cdb063e5838e
Northwest,56350ee9e4b0d6133fe35fc6
Northwest,58825e90e4b0dc04318b6db2
Northwest,55bfb5ede4b033ef52103cef
Northwest,55ce0a36e4b08400b1fe1593
Northwest,5af4a8b3e4b0da30c1b44ecd
Northwest,5a8efe85e4b06990605c5336
Northwest,589cf132e4b0efcedb77caf5
Northwest,5c52061ee4b0708288fb42ef
Northwest,5b5b71a9e4b006a11f63f941
Northwest,58c303bfe4b0f37a93ed9161
Northwest,51f2f3e9e4b0279fe2e1ef88
Northwest,528274ece4b08f1425d6e27d
Northwest,53767b26e4b09f74767a72a4
Northwest,50491b7fe4b0ec4a6c819950
Northwest,50477198e4b067bd38f7f4fb
Northwest,5047720fe4b067bd38f7f4ff
Northwest,50491d46e4b0ec4a6c819953
Northwest,5047721ae4b067bd38f7f502
Northwest,50491136e4b0ec4a6c819948
Northwest,504917dbe4b0ec4a6c81994b
Northwest,52d4684fe4b0c9be7f45cbbe
Northwest,53d67c24e4b00d9e8ffa4b63
Northwest,53d67e1ae4b00d9e8ffa4b6f
Northwest,53d67aece4b00d9e8ffa4b5f
Northwest,53d67f58e4b00d9e8ffa560e
Northwest,53d676f3e4b00d9e8ffa4b4d
Northwest,53d6795ce4b00d9e8ffa4b56
Northwest,518ba3e4e4b0037667dbc8c7
Northwest,521619a9e4b02034073db936
Northwest,54dfc47ce4b08de9379b3a78
Northwest,54dfc142e4b08de9379b3a6b
Northwest,54494685e4b0f888a81bb4d9
Northwest,52a255e8e4b02938ec081497
Northwest,530781a0e4b0e530a6b4e8c2
Northwest,55e4c25ce4b05561fa208552
Northwest,508d8a2ce4b039922bafc092
Northwest,53961152e4b0b4b172cbe776
Northwest,5a3a6d85e4b0d05ee8b5b3eb
Northwest,5804353ce4b0824b2d1afcd1
Northwest,51f0417ee4b0b09fbe58f31c
Northwest,53c421cfe4b03bbfc4d5457e
Northwest,544676f9e4b0f888a81b7fd1
Northwest,531798cde4b093796c7b539a
Northwest,52790ab6e4b0c04ac3417ad5
Northwest,52790993e4b0c04ac3417ad1
Northwest,527906bbe4b0c04ac3417acc
Northwest,592eff13e4b0e9bd0ea793aa
Northwest,5b2d3bfde4b040769c11a0cb
Northwest,5ada1a56e4b0e2c2dd294a4e
Northwest,5ada1880e4b0e2c2dd293743
Northwest,5b0ed25fe4b0c39c934b15e2
Northwest,59d68909e4b05fe04cc6b138
Northwest,58dd6ea8e4b02ff32c685995
Northwest,5c4f3ce3e4b0708288f78d98
Northwest,5af49093e4b0da30c1b44ddd
Northwest,5a789b70e4b00f54eb1e836f
Northwest,5a0f338de4b09af898d099b9
Northwest,5c12a499e4b034bf6a85eabd
Northwest,5a7c6ce4e4b00f54eb2318b9
Northwest,58af5ecbe4b01ccd54f9f464
Northwest,59637fdbe4b0d1f9f059d824
Northwest,5cd1e5c1e4b09b8c0b7a58a4
Northwest,5bf312ece4b045bfcae0c2b5
Northwest,5b8e9828e4b0702d0e7ebc23
Northwest,5b8e9aafe4b0702d0e7ebc2a
Northwest,5accf236e4b0e2c2dd155aac
Northwest,5b8e9692e4b0702d0e7ebc1b
Northwest,5b8e9990e4b0702d0e7ebc27
Northwest,5a5f8a58e4b06e28e9bfc38e
Alaska,560586dbe4b058f706e51439
Alaska,52c58fc4e4b05415ea48e323
Alaska,536a5492e4b063fb73c0aa58
Alaska,5c1901d5e4b006c4f8574233
Alaska,5b3fc99de4b060350a10bf8c
Alaska,556e0e41e4b0d9246a9f9a67
Alaska,52c4ac76e4b05447f394bf87
Alaska,55df6846e4b0518e354e0b3f
Alaska,51dc4f1ee4b097e4d3836728
Alaska,54120cd9e4b0fe7e184a8fb7
Alaska,5797b8b4e4b0589fa1c61896
Alaska,5240559ee4b07b1d3133595b
Alaska,52c58a0ee4b05415ea48e319
Alaska,546b9763e4b04d4b7dbded72
Alaska,56421ff7e4b0831b7d62e7c4
Alaska,5303d230e4b0c8fd19b8a283
Alaska,53ff8a41e4b01f35f8fe9949
Alaska,559ebd4fe4b0b94a64019016
Alaska,52c59c7fe4b05415ea48e33a
Alaska,556c642ae4b0d9246a9f7e91
Alaska,546bbd4be4b04d4b7dbdf27e
Alaska,56d5e49de4b015c306f26ebe
Alaska,595ff366e4b0d1f9f0586811
Alaska,595ff4ede4b0d1f9f0586856
Alaska,51b5dd40e4b02d5b431440b3
Alaska,558ed4a2e4b0b6d21dd659e5
Alaska,5177e348e4b095699adf2774
Alaska,53c80d78e4b0194841642573
Alaska,5aa05ce3e4b0b1c392e6c072
Alaska,58041611e4b0824b2d1afcba
Alaska,597a5d53e4b0a38ca273dc42
Alaska,556e176be4b0d9246a9f9a8a
Alaska,59304d13e4b0e9bd0ea8ea86
Alaska,5841f304e4b04fc80e518d56
Alaska,55258df6e4b027f0aee3d60c
Alaska,5177e388e4b095699adf2777
Alaska,51bf5ba7e4b0eb321c79a642
Alaska,5177e214e4b095699adf2771
Alaska,53b46934e4b07c5f79a7f41d
Alaska,56d5ee20e4b015c306f26f40
Alaska,55269224e4b026915857c664
Alaska,5aa2da6ce4b0b1c392ea3d4e
Alaska,58d98d2ce4b0543bf7fc64a6
Alaska,5c5204ede4b0708288fb42e5
Alaska,5692e960e4b09c7f9a21a2a9
Alaska,58d98f14e4b0543bf7fc64ae
Alaska,5a133964e4b09fc93dce6527
Alaska,597a59d7e4b0a38ca273dc32
Alaska,5579b756e4b032353cc174b2
Alaska,536a5049e4b063fb73c0aa53
Alaska,51799ce9e4b0157f4b34ff28
Alaska,51799bb0e4b0157f4b34ff0f
Alaska,5646022ce4b0e2669b30f276
Alaska,54eb7dfde4b02d776a67d998
Alaska,51799c7de4b0157f4b34ff1d
Alaska,51799bcae4b0157f4b34ff12
Alaska,51799caae4b0157f4b34ff20
Alaska,520e2839e4b08494c3cb0640
Alaska,51799c18e4b0157f4b34ff19
Alaska,58c20ab8e4b014cc3a3d3bd0
Alaska,58001868e4b0824b2d179da2
Alaska,580018b5e4b0824b2d179da4
Alaska,5ce8009ae4b0b069203703f3
Alaska,5b685b30e4b006a11f75b095
Alaska,5ae74510e4b0e2c2dd33f0aa
Alaska,5aa2df02e4b0b1c392ea3d67
Alaska,5bce230ae4b0f0758fc29111
Alaska,5bce2180e4b0f0758fc290f6
Alaska,5ba3e696e4b08583a5c81f3b
Alaska,5ad11a97e4b0e2c2dd1f9fc0
Alaska,5b07281ae4b0ac450c98b5bf
Alaska,5b3f9006e4b060350a10baf6
Alaska,58c30bdce4b0f37a93ed91dc
Alaska,58c30ae7e4b0f37a93ed91d3
Alaska,58c30d0ee4b0f37a93ed91e6
Alaska,58c30da1e4b0f37a93ed91ec
Alaska,5604380de4b03bc34f544c02
Alaska,55faf586e4b05d6c4e501b5c
North Central,59e5346ee4b05fe04cd1bc80
North Central,5bbcc199e4b0fc368eaeb297
North Central,589cce4ce4b0efcedb773b7c
North Central,58de80dce4b02ff32c69a0d7
North Central,5841b45de4b04fc80e518c25
North Central,58e7ae48e4b09da6799c0e55
North Central,5cab71e8e4b0c3b00650cc53
North Central,5a395fb6e4b0d05ee8b4114a
North Central,5a394142e4b0d05ee8b402ae
North Central,5702bfa0e4b0328dcb817890
North Central,5702bd4ae4b0328dcb81787d
North Central,58bef162e4b014cc3a3a9b22
North Central,5702c14de4b0328dcb81789e
North Central,55d35bf7e4b0518e35468dc8
North Central,57eeae7de4b00abc11480e08
North Central,5b3a32bee4b040769c177900
North Central,5b351edfe4b040769c174467
North Central,5a0a02ade4b09af898c96da8
North Central,59e62fabe4b05fe04cd1cc9b
North Central,59b7041ae4b08b1644ddf9b4
North Central,5c098fd2e4b0815414d1ec92
North Central,57ec2314e4b0908250106765
North Central,5a95b92ae4b06990606a7ee5
North Central,57ec019de4b09082500ef4fd
North Central,5c520306e4b0708288fb42d1
North Central,5a9877fce4b06990606ddf22
North Central,57d82f62e4b090824ff9abdf
North Central,57ec1ff9e4b0908250104082
North Central,57ec2807e4b090825010b26d
North Central,5a986273e4b06990606dde21
North Central,5c51df76e4b0708288fb10bc
North Central,5c51d93fe4b0708288fb106f
North Central,5c51d6f5e4b0708288fb1051
North Central,53bffc70e4b06d97a6487d77
North Central,544e7e84e4b02409068912c8
North Central,5355401de4b0120853e8bc0d
North Central,568568fee4b0e7594ee72ee2
North Central,53bc48bbe4b084059e8c0023
North Central,52e29d87e4b0f6f2a85f4aa0
North Central,52e298c2e4b0f6f2a85f4a96
North Central,53b5d2e3e4b069671ff21220
North Central,56b3e649e4b0cc79997fb5ec
North Central,53e3a7cae4b0567f2770ee13
North Central,58dd78eee4b02ff32c6859b2
North Central,52e9925be4b0e3958e1bf39e
North Central,52e99405e4b0e3958e1bf3af
North Central,5388dc59e4b0318b93126396
North Central,5388c8bee4b0318b93126330
North Central,580a5c35e4b0f497e7906b29
North Central,539b19d5e4b0e83db6d090a1
North Central,5399d2bfe4b0a59b26496abe
North Central,53ff993ee4b01f35f8fe9968
North Central,58334fe4e4b046f05f21f64c
North Central,58926dd9e4b0fa1e59b5ca29
North Central,54ef8ccde4b02d776a684bf7
North Central,55088a96e4b02e76d757c249
North Central,52ebe44de4b0a0815e249ed5
North Central,5873d4ade4b0a829a31e47cf
North Central,5cffd5a6e4b0573a18f51604
North Central,5761d9c4e4b04f417c2d30f4
North Central,5755d2f1e4b023b96ec1eb7c
North Central,5787d893e4b0d27deb377a3a
North Central,5755d36ae4b023b96ec1eb7f
North Central,59372d37e4b0f6c2d0d89b0d
North Central,5783f9d0e4b0ac0b97f56038
North Central,5c094b1ae4b0815414d10c8e
North Central,5c094c20e4b0815414d10dbb
North Central,5c0967aee4b0815414d16227
North Central,5c0967bee4b0815414d16273
North Central,5c0947d3e4b0815414d10405
North Central,5c096796e4b0815414d161b1
North Central,5cf14065e4b056af3664e77f
North Central,5c17d123e4b006c4f8557097
North Central,5c4f7953e4b0708288f78ff7
North Central,5c5861bde4b0708288ff26db
North Central,5c8020d7e4b0938824459be9
North Central,5a7b60e4e4b00f54eb218e3c
North Central,553e6894e4b0a658d7938957
North Central,5845a4a6e4b04fc80e52346a
North Central,5a85a50fe4b00f54eb3664d0
North Central,5a85a5a1e4b00f54eb3664dc
North Central,55d77fd1e4b0518e3546cd63
North Central,58e7b52ae4b09da6799c0e84
North Central,548a0569e4b06c6ace1c33d2
North Central,567ad9afe4b0a04ef491164e
North Central,56e34827e4b0f59b85d3abbe
North Central,556c964de4b0d9246a9f8e78
North Central,5ce814bde4b0b06920370466
North Central,5a85b2a5e4b00f54eb366522
North Central,55d7850ae4b0518e3546cd6f
North Central,58dd8697e4b02ff32c685a0f
North Central,551ee40ee4b027f0aee3ba34
North Central,5654ecfce4b071e7ea53d6fc
North Central,5616faf5e4b0ea5c4f69474f
North Central,5beca754e4b0b3fc5cf9181a
North Central,59d28c09e4b05fe04cc236aa
North Central,5a43ac59e4b0d05ee8bd69a2
North Central,5ac67650e4b0e2c2dd0e2edc
North Central,58bdea4ee4b01a6517dc0fa5
North Central,58a76845e4b025c464286d96
North Central,58a75e70e4b025c464286d6a
North Central,589260c1e4b072a7ac154c59
North Central,58a22aa0e4b0c82512856d29
North Central,58a76730e4b025c464286d8f
North Central,58a764e3e4b025c464286d85
North Central,58bdec06e4b01a6517dc0fad
North Central,58de7323e4b02ff32c69a082
North Central,59a5bbd2e4b075bb79591494
North Central,5d10f7e4e4b0941bde5502c4
North Central,5d10fbf2e4b0941bde5502f9
North Central,5c913ca7e4b09388245480f5
North Central,5d1117dde4b0941bde5504d8
North Central,5d112385e4b0941bde55052b
North Central,58bef75ee4b014cc3a3a9b58
North Central,5a69016be4b06e28e9c72402
North Central,56e34587e4b0f59b85d3abb0
North Central,5892207de4b072a7ac135f15
North Central,55f1fa8de4b0dacf699ebf06
North Central,566b661ae4b09cfe53ca58cd
North Central,5a96f008e4b06990606c4fb9
North Central,55f1f8d9e4b0dacf699ebef6
North Central,5b0dc1b6e4b0c39c934b0862
North Central,566b63d2e4b09cfe53ca58c8
North Central,566b5edbe4b09cfe53ca553c
North Central,5c506840e4b0708288f9456b
North Central,5ab179ebe4b081f61ab265a8
North Central,5aa969bae4b0b1c392f16bf5
North Central,5a00881ae4b0531197b5b28d
North Central,553ff870e4b0a658d7938f52
North Central,59122dd9e4b0e541a03c207c
North Central,58925778e4b072a7ac14ff35
North Central,5b7d6a4be4b045b1dc7bd660
North Central,59fc8037e4b0531197b2ea91
North Central,58348612e4b0070c0abfb3dc
North Central,591dfb1de4b0a7fdb4408dfc
North Central,59fc83e1e4b0531197b2eab8
North Central,5a0b0ccee4b09af898cb6e64
North Central,5bdb55fae4b0b3fc5cee131f
North Central,5b8fed18e4b0702d0e80718c
North Central,59124c44e4b0e541a03c20de
North Central,5894c3f6e4b0fa1e59b869a6
North Central,599f2faae4b0e5eb065ee647
North Central,58dc0d68e4b0ee37af29ed36
North Central,58cafd16e4b0849ce97c8bbf
North Central,58921368e4b072a7ac12fceb
North Central,5682d23de4b0a04ef4925c33
North Central,580fc9bce4b0f497e796064d
North Central,5b55e075e4b05cbf87c207c7
North Central,5594051ce4b0b6d21dd6827f
North Central,5669f097e4b08895842a1e56
North Central,55f342d4e4b0ba2c1a0077af
North Central,5682d96de4b0a04ef4925c9d
North Central,5ad50d6fe4b0e2c2dd22696f
North Central,5cd09b69e4b09b8c0b79a4db
National,543c3950e4b0fd76af69c8cf
National,5514089be4b032384276c9ba
National,55db3791e4b0518e35470814
National,543c37c8e4b0fd76af69c8c8
National,542aedd6e4b057766eed2874
National,50bcffc3e4b069d93eefc4a1
National,520e2b00e4b08494c3cb0648
National,50bcfa88e4b069d93eefc49e
National,50bcf899e4b069d93eefc49b
National,56673134e4b06a3ea36c8c5e
National,57ec36d7e4b090825010b8a7
National,50abf52be4b0afbc75eb97da
National,51e6c409e4b017be1ba34831
National,520e226de4b08494c3cb0621
National,55f6d6d4e4b0477df11bfec0
National,52d98c4ee4b08fdd52822484
National,50f5a9b9e4b0114312ab0284
National,520e2c0be4b08494c3cb064f
National,51239b9ee4b0c9f2bfcf8d6f
National,540623aee4b0971c80c983a3
National,519be263e4b0e4e151efeac7
National,5130c6fce4b0697d1081c208
National,55158112e4b0323842781747
National,51f6ac70e4b0e13761b7cfbc
National,542d659ae4b092f17defc616
National,55956460e4b03ae2f4dbe124
National,5125029ee4b0b6328103b5ec
National,50902df6e4b0a1b43c29ca77
National,508996f1e4b08c2511e77180
National,508aaa24e4b07fc5688448e8
National,51c461c1e4b03c77dce65aa8
National,50903266e4b0a1b43c29cabc
National,508aaf44e4b07fc56884490e
National,50903032e4b0a1b43c29ca9b
National,508ab3bbe4b07fc568844929
National,50903111e4b0a1b43c29caab
National,50902eb8e4b0a1b43c29ca8a
National,508aac38e4b07fc5688448f6
National,521f8dc7e4b0f8bf2b076214
National,521f8d32e4b0f8bf2b076211
National,514b6cf5e4b0040b38151bf0
National,53ee128ae4b0f61b386dec1d
National,597a61bae4b0a38ca273dc52
National,57a8f719e4b0ebae89bb96e7
National,5125010be4b0b6328103b5e7
National,520e23e3e4b08494c3cb062c
National,520e236de4b08494c3cb0628
National,51e6cda7e4b017be1ba34839
National,53c810fbe4b019484164257c
National,51e6cccde4b017be1ba34835
National,5449402be4b0f888a81bb4c4
National,544923a0e4b0f888a81b8929
National,54491eb4e4b0f888a81b8912
National,544947aee4b0f888a81bb4df
National,5449277be4b0f888a81bb44c
National,54491701e4b0f888a81b87bc
National,5527e0dde4b026915857c89b
National,5202a0eae4b0e21cafa4b415
National,54611168e4b0ba83040c5ac3
National,534ffe69e4b02cd8cc40284c
National,5527e8c8e4b026915857c8c8
National,5527e581e4b026915857c8b3
National,5527ec3ee4b026915857c8da
National,54611419e4b0ba83040c5b21
National,5874f88de4b0a829a320bc58
National,5527e6ade4b026915857c8bc
National,51c1d673e4b0dd0e00d922d3
National,5527eb16e4b026915857c8d2
National,51c9e4ece4b0a50a6e8f593e
National,56a4de4fe4b0b28f1184b8f1
National,59b6fba5e4b08b1644ddf98f
National,53f3961ae4b0094694faaf76
National,54b572e9e4b03ff52702fc43
National,50f5b01ce4b0114312ab029b
National,50f5afb3e4b0114312ab0296
National,53f3a390e4b0094694faaf8a
National,55196f48e4b0323842783107
National,55196d21e4b03238427830fa
National,50fefac4e4b0fcbbbbab854e
National,5124f86be4b0b6328103b5e5
National,552d8911e4b0b22a157f5e4b
National,513e1d80e4b07b9dc9e7e9d9
National,52eef00ce4b092128d39312a
National,531793e3e4b093796c7b5384
National,520e2977e4b08494c3cb0644
National,513e265ee4b07b9dc9e7e9e6
National,5134f686e4b0e1603e4fecdf
National,53179521e4b093796c7b5389
National,513e20cce4b07b9dc9e7e9dd
National,521bb776e4b06b5cd441ce97
National,513e23d3e4b07b9dc9e7e9df
National,513e247be4b07b9dc9e7e9e2
National,53271122e4b00982c4085198
National,521bb429e4b06b5cd44131ac
National,513e2780e4b07b9dc9e7e9ed
National,50bf62e4e4b01744973f66c4
National,513e2523e4b07b9dc9e7e9e4
National,513e2832e4b07b9dc9e7e9ef
National,560415f6e4b03bc34f544bb0
National,513e2702e4b07b9dc9e7e9eb
National,50f8472de4b0faa3ef21ecb6
National,53516321e4b05569d8058a45
National,54611630e4b0ba83040c5b6c
National,551aca6ee4b0323842783761
National,542c292be4b0abfb4c80999a
National,551aa3bfe4b0323842783713
National,54738220e4b0b935bc77164a
National,551a9ef5e4b0323842783701
National,52fa5f6fe4b02baefb04a06e
National,551573fee4b032384278172c
National,542c1b8ae4b0abfb4c809980
National,53ea3cffe4b008eaa4f4c453
National,564605e1e4b0e2669b30f27e
National,5522bf09e4b027f0aee3d03f
National,534710efe4b0384c8d7f1ff9
National,5124ecf9e4b0b6328103b5dc
National,5124f364e4b0b6328103b5e1
National,5124f491e4b0b6328103b5e3
National,5553569ce4b0a92fa7e94cb1
National,52fe4dd1e4b0b49c924f46b9
National,55410e68e4b0a658d793ae31
National,55426625e4b0a658d793b5a8
National,554267f7e4b0a658d793b5b2
National,5522bcdee4b027f0aee3d035
National,520e2542e4b08494c3cb0637
National,51f176ffe4b04309f4e38dd6
National,535547d5e4b0120853e8bc1f
National,520e2577e4b08494c3cb063b
National,562f7f43e4b093cee780a2e1
National,5579d632e4b032353cc175cc
National,53471ac7e4b0384c8d7f2018
National,53434473e4b0aa151574ba9c
National,5346f6afe4b0384c8d7f1fd8
National,5346f536e4b0384c8d7f1fd4
National,54344e39e4b095098ca8d78b
National,543559cee4b0a4f4b46a2522
National,54355d72e4b0a4f4b46a253f
National,54344a9de4b095098ca8d736
National,53ce8024e4b0b6c094ab7abd
National,532b00c0e4b07069f32f32d9
National,5434477ae4b095098ca8d725
National,56d8bb60e4b015c306f6da87
National,507c650de4b0f026455bc8d8
National,522dd32fe4b059a4cca9b9c4
National,5074471ae4b090654e7b253c
National,520e22fbe4b08494c3cb0624
National,50fff5ade4b0ca65fed0d2c3
National,5c4f3458e4b0708288f78d68
National,5c522b3de4b0708288fb4460
National,58fe5523e4b0f87f0854b0d4
National,5c58a95ce4b0708288ff2a88
National,57f7e91fe4b0bc0bec09d35b
National,559bedd8e4b0b94a64017138
National,555214ace4b0a92fa7e93c8c
National,531f1ff1e4b0193009dd89c8
National,531f1f45e4b0193009dd89c4
National,56d08559e4b015c306ee98c7
National,5996123ce4b0fe2b9fea7919
National,5a95754ce4b06990606a7c11
National,56677384e4b06a3ea36c8d19
National,58f0feade4b06911a29fac29
National,56f42d23e4b0f59b85e0bcda
National,5a9575afe4b06990606a7c1b
National,59d684a0e4b05fe04cc6b064
National,5a9575cde4b06990606a7c21
National,5a903969e4b06990606407aa
National,5a957594e4b06990606a7c16
National,596e11b2e4b0d1f9f062c2fc
National,58da836fe4b0543bf7fda953
National,5b2ba5dfe4b040769c106cca
National,596e1074e4b0d1f9f062c2f0
National,58c2f3b3e4b0f37a93ed90e6
National,58d3ebabe4b0d4ac7e32a406
National,5b2ba763e4b040769c106e6b
National,5b2ba8a1e4b040769c106f3e
National,5b34ff2ee4b040769c173fff
National,5ced2de3e4b02eb068de91e5
National,5a905c65e4b069906065e3db
National,5babc7dbe4b08583a5cf408c
National,5a54eeaae4b01e7be24296bf
National,5acbc86ce4b0e2c2dd13d36c
National,5a145fdde4b09fc93dcfd36c
National,5bd9bcd9e4b0b3fc5ceb3ff6
National,5ae8c5e4e4b06d9233b8a886
National,5a2721f2e4b03852bafc8eb3
National,594444c4e4b062508e323256
National,5988e0fee4b05ba66ea010bd
National,592ef181e4b0e9bd0ea7933e
National,5a5f7efbe4b06e28e9bfc343
National,5a903dc6e4b0699060648fdb
National,58e7df6ae4b09da6799c0fd4
National,5a563a94e4b01e7be24449ab
National,59aeca1fe4b0e9bde133e9df
National,569f97e3e4b0961cf27fd1f1
National,57178b4fe4b0ef3b7caaab9b
National,58138834e4b0d63fd467b95c
National,5a1463fee4b09fc93dcfd38a
National,58af0310e4b01ccd54f9eef8
National,57f45dd3e4b0bc0bec035618
National,5cf81c76e4b07f02a70465be
National,5cf92bb7e4b049f7d17e3d7a
National,5a146575e4b09fc93dcfd4a3
National,578f7a72e4b0ad6235cf6c66
National,5b71a17de4b0f5d57879efd8
National,58779311e4b0315b4c11ff89
National,5b9bb2ade4b02ff63f6f5d13
National,5b7d8290e4b045b1dc7bd758
National,58126330e4b0b5a0c129ffc5
National,59d51826e4b05fe04cc5351a
National,5751acffe4b053f0edd03d53
National,5b7d816ae4b045b1dc7bd746
National,5bfc3131e4b045bfcae30264
National,5b7daa78e4b045b1dc7beb95
National,5a6a1ef4e4b06e28e9c8a867
National,5bb60af3e4b0fc368e8930b6
National,5bcf455ae4b0b3fc5cde13a8
National,5bcf4e2de4b0b3fc5cde14c9
National,5bcf4f5ae4b0b3fc5cde14f1
National,5900cc21e4b0c2e071a84b71
National,556c8a53e4b0d9246a9f7f32
National,5af9912be4b0da30c1b82c4c
National,5748546ae4b07e28b664dc47
National,55cdfaa4e4b08400b1fe14c3
National,55cdf7dce4b08400b1fe14b9
National,592f1b04e4b0e9bd0ea7945e
National,5ada4551e4b0e2c2dd297a48
National,5526c4f0e4b026915857c6b6
National,54986f79e4b07df8de5489cc
National,5907b7c3e4b0fc4e448eb12c
National,5c51db50e4b0708288fb108b
National,5b6c7cb8e4b006a11f7bcf45
National,51a4b7cde4b064a995b7a0d8
National,51a4b784e4b064a995b7a0d5
National,535819c7e4b0938066bc8274
National,574f3cabe4b0ee97d51abf2c
National,56aa36eee4b012c193aa3f32
National,5c0ed7cce4b0c53ecb2b46ac
National,580632cde4b0824b2d1d3d68
National,58062befe4b0824b2d1d3d49
National,595ffb45e4b0d1f9f0586955
National,55d343b4e4b0518e35468d74
National,55d344dae4b0518e35468d7a
National,58b9a169e4b0c1723b8a0395
National,563bb135e4b0d6133fe75faf
National,59035512e4b0e862d23119dd
National,576ab32be4b07657d1a16692
National,58e54234e4b09da679997d4c
National,5c13c32ee4b006c4f8529d4e
National,59a72a24e4b0fd9b77cf6c54
National,57bf728ae4b0f2f0ceb75c1d
National,55cb55b7e4b08400b1fdd4a5
National,55c8ffafe4b08400b1fd885c
National,55c9009de4b08400b1fd8862
National,58595f09e4b03639a6025f79
National,55cb541ce4b08400b1fdd49b
National,5898fff2e4b0efcedb7078af
National,5c62d927e4b0fe48cb34c7e8
National,5beb2206e4b0b3fc5cf902d3
National,513e118de4b07b9dc9e7e9c2
National,50d0c068e4b0d83991d1668e
National,51adf8ece4b07c214e6549ff
National,513e1090e4b07b9dc9e7e9bf
National,50f58f29e4b0114312ab0278
National,52a89fc9e4b027f847db1b5c
National,50abc37fe4b0afbc75eb8fed
National,50f82451e4b0faa3ef21eca1
National,5374e356e4b0870f4d23d02b
National,552e6e8ee4b0b22a157fa0b8
National,50788958e4b0cfc2d59f59ae
National,51d1bf8be4b08b18a62d5812
National,55535e3be4b0a92fa7e94ce1
National,555364ece4b0a92fa7e94ce6
National,55536793e4b0a92fa7e94ced
National,51d1be7fe4b08b18a62d580d
National,50abe50ee4b0afbc75eb9720
National,50abe352e4b0afbc75eb96bb
National,5080548be4b0a0242ef28670
National,50f822b4e4b0faa3ef21ec98
National,55410ad4e4b0a658d793ae22
National,50d0bef0e4b0d83991d16611
National,54885e03e4b02acb4f0c8c61
National,50d0be8fe4b0d83991d165e6
National,50f597c5e4b0114312ab027b
National,520e2ab0e4b08494c3cb0646
National,510832dae4b0df796f216f03
South Central,598a2538e4b09fa1cb0ccd3e
South Central,59c10e59e4b091459a5fad8f
South Central,5aa047ece4b0b1c392e6ac13
South Central,599483fbe4b0fe2b9fe91467
South Central,5806922ae4b0824b2d1d4226
South Central,59f9ca12e4b0531197afecbd
South Central,5829fa02e4b01fad87246115
South Central,582a102ce4b01fad87253781
South Central,582a1085e4b01fad8725485c
South Central,5ada2fe5e4b0e2c2dd2978e4
South Central,596ce56be4b0d1f9f061687a
South Central,59bac3a3e4b091459a563ccb
South Central,5b1691a9e4b092d9651fb25d
South Central,570e49d9e4b0ef3b7ca24c68
South Central,5a8dca4de4b069906059b155
South Central,5a8dcbd2e4b069906059d63c
South Central,5a8dcc91e4b069906059e84d
South Central,5a7c774ee4b00f54eb231925
South Central,5a789695e4b00f54eb1e832b
South Central,5a7c71ede4b00f54eb2318f0
South Central,5a254d09e4b03852baf673bc
South Central,586e6197e4b0f5ce109fcbb5
South Central,586e5ed5e4b0f5ce109fcbac
South Central,5c881e50e4b09388244d01a5
South Central,5c0e90c7e4b0c53ecb2ae1f2
South Central,589b88cfe4b0efcedb72d482
South Central,58bec4d0e4b014cc3a3a9a80
South Central,589b89a2e4b0efcedb72d4d8
South Central,5a984cdbe4b06990606ddd3d
South Central,5adcb561e4b0e2c2dd2b74c4
South Central,5ca638ace4b0c3b0064c25bd
South Central,5c5b4e7ae4b070828902b5e0
South Central,5c659577e4b0fe48cb38fd4f
South Central,5c5b3982e4b070828902b232
South Central,5d094ca8e4b0e3d3115dbf51
South Central,5c65a3f0e4b0fe48cb38fee5
South Central,5c659b3ae4b0fe48cb38fd71
South Central,59bacaede4b091459a563cf2
South Central,594bbbe7e4b062508e384fe1
South Central,5a8590bfe4b00f54eb3664aa
South Central,5926d7f0e4b0b7ff9fb48a0e
South Central,58e52181e4b09da679997bed
South Central,58a35741e4b0c82512869c44
South Central,599c2db8e4b0b589267ed5ce
South Central,59959353e4b0fe2b9fea7547
South Central,5c75bdc1e4b0fe48cb4a654d
South Central,5a86ebb3e4b00f54eb3a2746
South Central,5b86f8f0e4b0702d0e7965ff
South Central,5b3515ece4b040769c174354
South Central,5afc643ae4b0da30c1bc1f6a
South Central,5b3a5ee8e4b040769c180b82
South Central,5989fd82e4b09fa1cb0cc903
South Central,5a3aa553e4b0d05ee8b5cc65
South Central,54076c68e4b09f802c9ee4c5
South Central,55b23ba4e4b09a3b01b53608
South Central,542eb9e7e4b092f17df5abef
South Central,542ea5afe4b092f17df5ab8e
South Central,542dc386e4b092f17defcae8
South Central,542db2a4e4b092f17defca70
South Central,5a1da205e4b09fc93dd7bf8c
South Central,5a1db492e4b09fc93dd7bfe2
South Central,5a1daf00e4b09fc93dd7bfbe
South Central,5a1db540e4b09fc93dd7bfe4
South Central,5a1dad01e4b09fc93dd7bfb4
South Central,55bf8f49e4b033ef52103c70
South Central,581b8e72e4b0bb36a4cbb2d5
South Central,531f2a70e4b0193009ddecfa
South Central,54075538e4b09f802c9ee4a9
South Central,5788ff91e4b0d27deb3890b9
South Central,505b28c1e4b08c986b30c007
South Central,5887c0e1e4b02e34393da413
South Central,590c8a0de4b0e541a038e2e7
South Central,588605dde4b0496b79d7945a
South Central,590c8ae1e4b0e541a038e2f1
South Central,5887c1c3e4b02e34393da82d
South Central,5ab10c47e4b081f61ab25e12
South Central,5adcb351e4b0e2c2dd2b7484
South Central,5b7eb54ae4b045b1dc7d9347
South Central,57f7fd67e4b0bc0bec0a1bec
South Central,5af9a695e4b0da30c1b82cdf
South Central,570e567de4b0ef3b7ca24c86
South Central,58af0205e4b01ccd54f9eee6
South Central,57ace057e4b0d183567560fb
South Central,55087bafe4b02e76d757c1d2
South Central,5b17e848e4b092d965219621
South Central,59f717e5e4b063d5d308433c
South Central,5cd4300be4b062989a9e92cd
South Central,5cd42c56e4b062989a9e92c6
South Central,5cd1fdfde4b09b8c0b7a599a
South Central,5cd42ee1e4b062989a9e92c8
South Central,5b990e7be4b0702d0e857da6
South Central,5748510de4b07e28b664dc33
South Central,5b17eb1ce4b092d965219635
South Central,570507b4e4b0d4e2b7568467
South Central,5731fbace4b0dae0d5dc1e59
South Central,571f89c6e4b071321fe56c6b
South Central,56c788c5e4b0946c6524093a
South Central,5704ff6ae4b0d4e2b7567b18
South Central,53bea4a0e4b0527d5d4117e0
South Central,5bce156de4b0f0758fc2907e
South Central,564e0202e4b0112df6c62ecc
South Central,57d6e36ee4b090824ff87b93
South Central,57584048e4b04f417c252010
South Central,57583cfee4b04f417c251ff4
South Central,57db2cbde4b090824ffc337b
South Central,594af68ce4b062508e36f787
South Central,590264f6e4b06f78f28876ac
South Central,59b93df4e4b091459a54d8c0
South Central,59025dd8e4b03ed812df5968
South Central,5d02a805e4b05cc71caf11da
South Central,5d02a85ce4b05cc71caf11dc
South Central,5d0799d9e4b0e3d3115bd777
South Central,5d07a3eae4b0e3d3115bd7b5
Southwest,58a0f874e4b0c8251285642f
Southwest,56feafa1e4b0328dcb7dec33
Southwest,5881451de4b00a0623570029
Southwest,588f7960e4b072a7ac08c2e0
Southwest,5726518ae4b0b13d3916ab9e
Southwest,5b17f12ee4b092d965219656
Southwest,5a3006cbe4b08e6a89d57af5
Southwest,5571d952e4b077dba765e477
Southwest,5874199ae4b0a829a320bacf
Southwest,56980f94e4b039675d0469bc
Southwest,5c7fcb8ce4b093882443ffdd
Southwest,59bac87ee4b091459a563ce2
Southwest,58a0f4a1e4b0c8251285641e
Southwest,5c520806e4b0708288fb42ff
Southwest,59b96ca2e4b091459a54d9b4
Southwest,59a5d1f2e4b024f204d40851
Southwest,5af988a4e4b0da30c1b82c2f
Southwest,568ff02ae4b0e7a44bc74803
Southwest,556e1595e4b0d9246a9f9a81
Southwest,56a904c7e4b0b28f1184dcf8
Southwest,59b96e91e4b091459a54d9d5
Southwest,57213aeee4b071321fe6a9f7
Southwest,57191e08e4b056524840b105
Southwest,59f22cd4e4b0220bbd9ddd75
Southwest,5aa05e4ae4b0b1c392e6c093
Southwest,58a0fbf0e4b0c8251285643d
Southwest,54fdb302e4b02419550de9bb
Southwest,58a6268de4b025c4642735cd
Southwest,546e2774e4b0fc7976bf1ed2
Southwest,58a627b1e4b025c4642735db
Southwest,58a622aae4b025c464273594
Southwest,58a62994e4b025c4642735ec
Southwest,58a6216ce4b025c464273588
Southwest,58a0fa21e4b0c82512856436
Southwest,51efd127e4b0b09fbe58f21f
Southwest,54aed301e4b0d12d40fd53c3
Southwest,532717f7e4b00982c40851b6
Southwest,52cc63a9e4b03116c9de9122
Southwest,56eb0985e4b0f59b85d91abb
Southwest,51c1b6d7e4b0dd0e00d92244
Southwest,5ba00843e4b08583a5c27818
Southwest,56e6bd44e4b0f59b85d5b0bf
Southwest,5cc72c9be4b09b8c0b77e62c
Southwest,5adcb87ce4b0e2c2dd2b7514
Southwest,5a133e0fe4b09fc93dce6541
Southwest,5b6069f0e4b006a11f6a39bb
Southwest,59b83425e4b08b1644df5f42
Southwest,571799e8e4b0ef3b7caaadb0
Southwest,5c140beae4b006c4f8536af6
Southwest,566771aae4b06a3ea36c8d0d
Southwest,5af995e7e4b0da30c1b82c66
Southwest,59babffde4b091459a563c96
Southwest,5bef095ee4b045bfcadf706e
Southwest,5893d9f0e4b0fa1e59b73b44
Southwest,56a82a94e4b0b28f1184db19
Southwest,58828bc6e4b0dc04318c5d23
Southwest,58b7057ae4b01ccd54ff81d8
Southwest,5321ed67e4b02e6e19ed36b7
Southwest,5672e1f3e4b01a7f82451e75
Southwest,56abb1e9e4b0403299f4635d
Southwest,54aecf08e4b0d12d40fd5330
Southwest,55957468e4b03ae2f4dbebea
Southwest,5887c233e4b02e34393da9d9
Southwest,5595732be4b03ae2f4dbeaf6
Southwest,54257764e4b0e641df8b5099
Southwest,58052c39e4b0824b2d1c1de7
Southwest,573ba92ae4b0dae0d5e3b006
Southwest,594c3863e4b062508e385741
Southwest,56058c1fe4b058f706e5147c
Southwest,560587f0e4b058f706e5143d
Southwest,56058fb1e4b058f706e514a6
Southwest,55b6b96de4b09a3b01b5f857
Southwest,56059204e4b058f706e514b0
Southwest,56057ca6e4b058f706e5140f
Southwest,560589d2e4b058f706e51446
Southwest,5605911ee4b058f706e514ad
Southwest,56058db2e4b058f706e5149c
Southwest,56058e9be4b058f706e514a1
Southwest,58a0f067e4b0c82512856418
Southwest,5745b07be4b07e28b662c595
Southwest,5745b7a9e4b07e28b662c5c1
Southwest,5447c244e4b0f888a81b8378
Southwest,5745bc78e4b07e28b662c5e6
Southwest,51f16dade4b04309f4e38dc6
Southwest,5745bb35e4b07e28b662c5d4
Southwest,5aafd95ae4b081f61ab0d784
Southwest,568c0f78e4b0e7594ee7779f
Southwest,564ba567e4b0ebfbef0d3307
Southwest,564ba35be4b0ebfbef0d3302
Southwest,568c1215e4b0e7594ee777ac
Southwest,59807ce0e4b0a38ca278a841
Southwest,58a0a379e4b0c825128563a4
Southwest,5c520045e4b0708288fb42b4
Southwest,5a8c579fe4b00f54eb4421eb
Southwest,5a8c5a44e4b00f54eb444db2
Southwest,58a0a573e4b0c825128563c4
Southwest,5ce807b5e4b0b0692037040a
Southwest,5b3124ede4b040769c13f854
Southwest,5a26f761e4b03852baf9ac8a
Southwest,5b1ab631e4b092d965251c8b
Southwest,5a8c5b77e4b00f54eb4471c2
Southwest,5bedbddce4b0b3fc5cf923f1
Southwest,5bd74dfae4b0b3fc5ce7755f
Southwest,5cf7e544e4b07f02a70464a5
Southwest,57daca21e4b090824ffc3161
Pacific,5c869347e4b09388244b3d61
Pacific,5876bda2e4b0aa226e1c731c
Pacific,589c98e6e4b0efcedb745942
Pacific,57f41118e4b0bc0bec033f35
Pacific,581d3463e4b08da350d6e114
Pacific,57f41688e4b0bc0bec033f5d
Pacific,5a1335b3e4b09fc93dce6504
Pacific,5c991afce4b0b8a7f6288e1d
Pacific,5b351614e4b040769c17435e
Pacific,5ada4ca1e4b0e2c2dd297a74
Pacific,58a61dd1e4b025c464273561
Pacific,58827216e4b0dc04318b78c3
Pacific,589c9786e4b0efcedb745935
Pacific,5694532be4b039675d005cf2
Pacific,54ff26fce4b02419550dec20
Pacific,556473b8e4b0afeb70725856
Pacific,54ecf715e4b02d776a6847ed
Pacific,54ecf8aae4b02d776a6847f3
Pacific,54ecf8f4e4b02d776a6847f5
Pacific,58e29492e4b09da67996a828
Pacific,5876c02de4b0aa226e1c8143
Pacific,5bf49b8fe4b045bfcae26a41
Pacific,5bf491e2e4b045bfcae25e9b
Pacific,5bf49602e4b045bfcae26543
Pacific,58333a10e4b046f05f211c1f
Pacific,56041cc9e4b03bc34f544bbf
Pacific,587e63e2e4b0a765aab5ebe3
Pacific,58c08b32e4b014cc3a3bfa1b
Pacific,5914ac9ce4b0e541a03e9ad5
Pacific,58213484e4b08f3b91767f13
Pacific,589b5ee6e4b0efcedb72d31d
Pacific,589b6384e4b0efcedb72d33d
Pacific,596e2ef6e4b0d1f9f062c36e
Pacific,594aff80e4b062508e36f792
Pacific,5995cac8e4b0fe2b9fea76a0
Pacific,594afebfe4b062508e36f78f
Pacific,5734cfdce4b0dae0d5de62c6
Pacific,58f10d06e4b06911a29fac83
Pacific,5ab27645e4b081f61ab45e73
Pacific,59286e08e4b016f7a93f8cc0
Pacific,56a7948ce4b0b28f1184d8e3
Pacific,5a2711dfe4b03852bafb7ffc
Pacific,5a623f5de4b06e28e9c3d8b9
Pacific,57f2f202e4b0bc0bec00b0a4
Pacific,58e29793e4b09da67996a83f
Pacific,5be4912be4b0b3fc5cf8bcd2
Pacific,568eda1ce4b0e7a44bc59bab
Pacific,5876d379e4b0aa226e1cdd9b
Pacific,568ed937e4b0e7a44bc59ba4
Pacific,568ed82fe4b0e7a44bc59ba0
Pacific,573b349fe4b0dae0d5e3ad48
Pacific,5876ea05e4b0aa226e1d2412
Pacific,5526d591e4b026915857c6d4
Pacific,5895ffc7e4b0fa1e59bc78a6
Pacific,55119039e4b02e76d75b5152
Pacific,5876b956e4b0aa226e1c5b93
Pacific,5bae7154e4b08583a5d31121
Pacific,5876b7dbe4b0aa226e1c4bb1
Pacific,58798bbee4b0847d353f4052
Pacific,58798cb0e4b0847d353f4056
Pacific,5ac699dbe4b0e2c2dd0e2f96
Pacific,58c086dce4b014cc3a3bf9ec
Pacific,595ae71be4b0d1f9f05285e3
Pacific,5ac69bc5e4b0e2c2dd0e2fa0
Pacific,595ae602e4b0d1f9f05285de
Pacific,595ae7e4e4b0d1f9f05285e5
Pacific,58460697e4b04fc80e523667
Pacific,589602f8e4b0fa1e59bc78ad
Pacific,5846072ce4b04fc80e52366a
Pacific,58502aaee4b0f17c5d2512d1
Pacific,5a25ea7ae4b03852baf67f09
Pacific,5a7b07d4e4b00f54eb218b5b
Pacific,5ac6717fe4b0e2c2dd0e2eb9
Pacific,57b27182e4b00148d3982d6b
Pacific,5894f030e4b0fa1e59b86a1e
Pacific,57bdf072e4b03fd6b7df5fbc
Pacific,5b638b68e4b006a11f71837b
Pacific,5b27f3e0e4b059207626031e
Pacific,563a3a07e4b0d6133fe733bc
Pacific,57ec5fbce4b090825010b908
Pacific,563a3bd1e4b0d6133fe733c5
Pacific,5877a81ce4b0315b4c120025
Pacific,5894fdaae4b0fa1e59b86a32
Pacific,5877a9d9e4b0315b4c120031
Pacific,57448a3fe4b07e28b661c58b
Pacific,5c18f6f9e4b006c4f857421e
Pacific,595a877ae4b0d1f9f0528453
Pacific,583331f6e4b046f05f211ae6
Pacific,58c84afbe4b0849ce9796185
Pacific,59a5cf27e4b024f204d407da
Pacific,56c384a8e4b0946c6520aa3d
Pacific,56a13cdfe4b0961cf28119e7
Pacific,5876cfbce4b0aa226e1cce0c
Pacific,56b25de6e4b07a81bb24238c
Pacific,5894f3d8e4b0fa1e59b86a28
Pacific,50f82106e4b0faa3ef21ec95
Pacific,51fa5f1ee4b076c3a8d82694
Pacific,5876ce7fe4b0aa226e1cc7c6
Pacific,53b2e44ee4b0d9ebfd11473c
Pacific,5591d136e4b0b6d21dd6755a
Pacific,5717837ce4b0ef3b7caaaaae
Pacific,5cc72fcce4b09b8c0b77e640
Pacific,52fa2656e4b02baefb047d91
Pacific,54d51abce4b0f7b2dc9f2e93
Pacific,595a891de4b0d1f9f0528498
Pacific,571785dce4b0ef3b7caaaaef
Pacific,55e8552be4b0dacf699e66bd
Pacific,55bbdbade4b033ef52100e2a
Pacific,55f9c704e4b05d6c4e501527
Pacific,55f9ce0de4b05d6c4e501628
Pacific,5a620a48e4b06e28e9c3d73d
Pacific,5af4885de4b0da30c1b44cfb
Pacific,5a4e9527e4b0d05ee8c66423
Pacific,5a206c97e4b09fc93ddbaf06
Pacific,5b1b1e12e4b092d965252a9f
Pacific,5b1ad7b3e4b092d9652520eb
Pacific,5a5fc57ce4b06e28e9bfc5be
Pacific,5c3717fde4b0708288e22dcb
Pacific,5c372611e4b0708288e2a8a7
